lambx,lamby,Head_ftAMS
3479057.00000000000,3057891.00000000000,705.00000000000
3477447.00000000000,3058233.00000000000,691.00000000000
3439284.00000000000,3096459.00000000000,671.00000000000
3447053.00000000000,3101788.00000000000,678.00000000000
3440363.00000000000,3098077.00000000000,675.00000000000
3437211.00000000000,3086796.00000000000,638.00000000000
3518090.00000000000,3051210.00000000000,695.60000000000
3535640.00000000000,3082870.00000000000,617.90000000000
3452150.00000000000,3059860.00000000000,704.60000000000
3467190.00000000000,3069580.00000000000,702.20000000000
3398670.00000000000,3081690.00000000000,607.14000000000
3445820.00000000000,3151980.00000000000,598.20000000000
3501160.00000000000,3142380.00000000000,580.45000000000
3484070.00000000000,3125670.00000000000,624.00000000000
3414847.00000000000,3133298.00000000000,647.50000000000
3528690.00000000000,3125360.00000000000,548.00000000000
3518976.00000000000,3145232.00000000000,550.00000000000
3512062.00000000000,3157453.00000000000,571.00000000000
3536431.00000000000,3166781.50680000000,555.00000000000
3464720.00000000000,3038200.00000000000,701.00000000000
3509455.00000000000,3111820.00000000000,500.00000000000
3422974.00000000000,3341936.00000000000,610.00000000000
3368652.00000000000,3387986.00000000000,739.00000000000
3351916.00000000000,3422064.00000000000,734.00000000000
3396884.00000000000,3335561.00000000000,682.00000000000
3402896.00000000000,3342973.00000000000,657.00000000000
3439901.00000000000,3312950.00000000000,595.00000000000
3461748.00000000000,3307956.00000000000,595.00000000000
3435931.00000000000,3337338.00000000000,599.00000000000
3440567.00000000000,3333383.00000000000,598.00000000000
3441198.00000000000,3338032.00000000000,592.00000000000
3443355.00000000000,3375489.00000000000,585.00000000000
3440518.00000000000,3324180.00000000000,599.00000000000
3448514.00000000000,3378098.00000000000,580.00000000000
3450383.00000000000,3339377.00000000000,582.00000000000
3408827.00000000000,3325866.00000000000,628.00000000000
3403941.00000000000,3353506.00000000000,692.00000000000
3365093.00000000000,3360222.00000000000,748.00000000000
3362418.00000000000,3360887.00000000000,750.00000000000
3456240.00000000000,3140558.00000000000,672.00000000000
3464846.00000000000,3112124.00000000000,662.00000000000
3486316.00000000000,3082276.00000000000,669.00000000000
3480931.00000000000,3080777.00000000000,675.00000000000
3434770.00000000000,3198493.00000000000,490.00000000000
3435390.00000000000,3184193.00000000000,608.00000000000
3436243.00000000000,3184701.00000000000,597.00000000000
3514012.00000000000,3193015.00000000000,555.00000000000
3505005.00000000000,3085487.00000000000,629.00000000000
3426233.00000000000,3301756.00000000000,593.00000000000
3530017.00000000000,3086770.00000000000,617.00000000000
3418124.00000000000,3287882.00000000000,623.00000000000
3357280.00000000000,3291024.00000000000,766.00000000000
3424319.00000000000,3160780.00000000000,587.00000000000
3409091.00000000000,3303493.00000000000,670.00000000000
3469678.00000000000,3114335.00000000000,659.00000000000
3442881.00000000000,3127146.00000000000,655.00000000000
3468064.00000000000,3086170.00000000000,685.00000000000
3515319.00000000000,3089051.00000000000,646.00000000000
3464740.00000000000,2950547.00000000000,612.00000000000
3507198.00000000000,2993435.00000000000,660.00000000000
3457510.00000000000,2997769.00000000000,658.00000000000
3449110.00000000000,2994148.00000000000,651.00000000000
3453803.00000000000,2994993.00000000000,653.00000000000
3504313.00000000000,2971284.00000000000,643.00000000000
3428383.00000000000,3090903.00000000000,637.00000000000
3428019.00000000000,3090404.00000000000,640.00000000000
3385524.00000000000,3125667.00000000000,593.00000000000
3363431.00000000000,3108869.00000000000,546.00000000000
3363492.00000000000,3109871.00000000000,543.00000000000
3360031.00000000000,3109917.00000000000,557.00000000000
3361539.00000000000,3111062.00000000000,552.00000000000
3510530.00000000000,3052916.00000000000,697.00000000000
3399506.00000000000,3093935.00000000000,594.00000000000
3418030.00000000000,3094088.00000000000,615.00000000000
3535931.00000000000,3066355.00000000000,645.00000000000
3533558.00000000000,3068468.00000000000,650.00000000000
3497541.00000000000,3064218.00000000000,673.00000000000
3495360.00000000000,3064411.00000000000,680.00000000000
3510534.00000000000,3030757.00000000000,692.00000000000
3509520.00000000000,3068589.00000000000,662.00000000000
3516199.00000000000,3076391.00000000000,630.00000000000
3510661.00000000000,3063330.00000000000,708.00000000000
3522698.00000000000,3072523.00000000000,642.00000000000
3506893.00000000000,3066251.00000000000,652.00000000000
3509536.00000000000,3058313.00000000000,706.00000000000
3509661.00000000000,3058389.00000000000,708.00000000000
3519522.00000000000,3073595.00000000000,671.00000000000
3519515.00000000000,3073095.00000000000,679.00000000000
3446885.00000000000,3085280.00000000000,628.00000000000
3452439.00000000000,3079667.00000000000,658.00000000000
3462786.00000000000,3094298.00000000000,675.00000000000
3451619.00000000000,3099268.00000000000,650.00000000000
3538428.00000000000,3030030.00000000000,672.00000000000
3396472.00000000000,3398091.00000000000,700.00000000000
3381829.00000000000,3371521.00000000000,742.59000000000
3383570.00000000000,3385375.00000000000,729.45000000000
3337209.00000000000,3269756.00000000000,729.00000000000
3338713.00000000000,3269097.00000000000,736.30000000000
3335070.00000000000,3270174.00000000000,710.90000000000
3336108.00000000000,3268516.00000000000,726.40000000000
3336806.00000000000,3268508.00000000000,726.00000000000
3402875.00000000000,3237343.00000000000,685.00000000000
3403058.00000000000,3236670.00000000000,681.00000000000
3399921.00000000000,3246840.00000000000,674.00000000000
3394963.00000000000,3248155.00000000000,685.00000000000
3371441.00000000000,3226087.00000000000,701.60000000000
3370603.00000000000,3204704.00000000000,709.29000000000
3369306.00000000000,3203894.00000000000,704.88000000000
3417623.00000000000,3254019.00000000000,671.00000000000
3381578.00000000000,3249402.00000000000,711.00000000000
3373847.00000000000,3245615.00000000000,734.00000000000
3389999.00000000000,3249478.00000000000,679.00000000000
3430576.00000000000,3180570.00000000000,618.73400000000
3424937.00000000000,3173436.00000000000,615.00000000000
3376610.00000000000,3232725.00000000000,710.00000000000
3377053.00000000000,3237321.00000000000,697.00000000000
3371129.00000000000,3238487.00000000000,723.00000000000
3427922.00000000000,3182002.00000000000,615.00000000000
3371049.00000000000,3209451.00000000000,702.00000000000
3425367.00000000000,3242308.00000000000,647.00000000000
3389889.00000000000,3187947.00000000000,660.00000000000
3369120.00000000000,3227463.00000000000,714.00000000000
3405493.00000000000,3231507.00000000000,683.00000000000
3389011.00000000000,3204251.00000000000,699.00000000000
3414440.00000000000,3176899.00000000000,627.00000000000
3409887.00000000000,3174602.00000000000,637.00000000000
3411485.00000000000,3172558.00000000000,632.00000000000
3400393.00000000000,3196901.00000000000,653.41000000000
3394627.00000000000,3191021.00000000000,649.81000000000
3400401.00000000000,3184543.00000000000,647.12000000000
3400272.00000000000,3204173.00000000000,670.35000000000
3405796.00000000000,3182181.00000000000,642.19000000000
3400459.00000000000,3179183.00000000000,643.09000000000
3420501.00000000000,3214594.00000000000,620.00000000000
3389665.00000000000,3231690.00000000000,697.00000000000
3392935.00000000000,3227146.00000000000,682.00000000000
3388398.00000000000,3236858.00000000000,696.00000000000
3389605.00000000000,3237957.00000000000,695.00000000000
3379353.00000000000,3235564.00000000000,704.00000000000
3383637.00000000000,3245130.00000000000,709.00000000000
3427615.00000000000,3196390.00000000000,631.00000000000
3424838.00000000000,3195904.00000000000,620.00000000000
3427304.00000000000,3201524.00000000000,623.00000000000
3403282.00000000000,3255557.00000000000,665.00000000000
3395569.00000000000,3258366.00000000000,694.00000000000
3398348.00000000000,3258243.00000000000,683.00000000000
3411674.00000000000,3198627.00000000000,632.00000000000
3392405.00000000000,3193923.00000000000,654.00000000000
3382978.00000000000,3191904.00000000000,653.00000000000
3382117.00000000000,3184260.00000000000,655.00000000000
3389702.00000000000,3196011.00000000000,651.00000000000
3403992.00000000000,3218626.00000000000,682.00000000000
3398747.00000000000,3211613.00000000000,675.00000000000
3370886.00000000000,3185604.00000000000,675.00000000000
3374411.00000000000,3193704.00000000000,665.00000000000
3372893.00000000000,3170342.00000000000,637.00000000000
3394757.00000000000,3194103.00000000000,654.00000000000
3426278.00000000000,3249714.00000000000,625.00000000000
3381834.00000000000,3255139.00000000000,706.00000000000
3384759.00000000000,3243809.00000000000,685.00000000000
3415930.00000000000,3173426.00000000000,636.00000000000
3417384.00000000000,3172841.00000000000,639.00000000000
3356204.00000000000,3229729.00000000000,719.00000000000
3355528.00000000000,3231030.00000000000,704.00000000000
3363297.00000000000,3199195.00000000000,684.00000000000
3413764.00000000000,3195052.00000000000,634.00000000000
3414362.00000000000,3197224.00000000000,636.00000000000
3416917.00000000000,3201128.00000000000,633.00000000000
3378408.00000000000,3217241.00000000000,701.00000000000
3379807.00000000000,3216837.00000000000,701.00000000000
3381714.00000000000,3211074.00000000000,709.00000000000
3371156.00000000000,3218568.00000000000,704.00000000000
3383455.00000000000,3227240.00000000000,701.00000000000
3363690.00000000000,3215755.00000000000,705.00000000000
3407739.00000000000,3252416.00000000000,671.00000000000
3393134.00000000000,3174235.00000000000,656.00000000000
3391236.00000000000,3181795.00000000000,657.00000000000
3400605.00000000000,3176362.00000000000,639.00000000000
3419463.00000000000,3161322.00000000000,605.45000000000
3396044.00000000000,3226856.00000000000,683.75000000000
3368580.00000000000,3204575.00000000000,707.28000000000
3376125.00000000000,3201381.00000000000,710.93000000000
3378047.00000000000,3204125.00000000000,713.50000000000
3377464.00000000000,3201075.00000000000,695.99000000000
3410973.00000000000,3249736.00000000000,660.11000000000
3412428.00000000000,3245408.00000000000,668.21000000000
3382138.71140000000,3346347.60510000000,731.00000000000
3380135.45580000000,3346853.25940000000,731.00000000000
3379273.76800000000,3345838.31120000000,732.00000000000
3377551.15750000000,3346820.98400000000,735.00000000000
3377048.00000000000,3440471.00000000000,720.00000000000
3377049.00000000000,3440444.00000000000,716.00000000000
3378807.00000000000,3439190.00000000000,714.00000000000
3372280.00000000000,3435566.00000000000,738.50000000000
3413292.00000000000,3339111.00000000000,626.00000000000
3448532.00000000000,3374760.00000000000,579.00000000000
3356371.00000000000,3439366.00000000000,736.10000000000
3356354.00000000000,3437995.00000000000,734.75000000000
3356939.00000000000,3437814.00000000000,739.10000000000
3352908.00000000000,3427504.00000000000,743.00000000000
3353609.00000000000,3430558.00000000000,741.90000000000
3392113.00000000000,3362165.00000000000,725.00000000000
3394679.00000000000,3356922.00000000000,710.00000000000
3395247.00000000000,3355308.00000000000,702.00000000000
3418280.00000000000,3378063.00000000000,619.00000000000
3423033.00000000000,3376384.00000000000,611.00000000000
3475228.00000000000,3144840.00000000000,579.00000000000
3391590.00000000000,3266436.00000000000,674.00000000000
3391164.00000000000,3344583.00000000000,718.00000000000
3369133.00000000000,3412224.00000000000,720.00000000000
3369377.00000000000,3416688.00000000000,728.50000000000
3404545.00000000000,3409724.00000000000,674.00000000000
3405443.00000000000,3408280.00000000000,674.00000000000
3406032.00000000000,3410800.00000000000,677.00000000000
3408012.00000000000,3407500.00000000000,677.00000000000
3389441.00000000000,3393062.00000000000,699.00000000000
3369177.00000000000,3265077.00000000000,758.00000000000
3385778.00000000000,3398449.00000000000,706.00000000000
3386208.00000000000,3396765.00000000000,715.00000000000
3373611.00000000000,3302333.00000000000,742.00000000000
3381565.00000000000,3297810.00000000000,733.00000000000
3452821.00000000000,3436444.00000000000,581.00000000000
3353132.00000000000,3366729.00000000000,746.00000000000
3353792.00000000000,3366069.00000000000,747.00000000000
3382644.00000000000,3416573.00000000000,705.00000000000
3384732.00000000000,3415538.00000000000,697.00000000000
3386526.00000000000,3426649.00000000000,690.00000000000
3387652.00000000000,3414195.00000000000,691.00000000000
3348354.00000000000,3388675.00000000000,740.00000000000
3351345.00000000000,3384860.00000000000,743.00000000000
3408248.00000000000,3142864.00000000000,630.85000000000
3417027.00000000000,3372549.00000000000,661.00000000000
3397529.00000000000,3420847.00000000000,690.00000000000
3395074.00000000000,3423242.00000000000,699.00000000000
3393433.00000000000,3417296.00000000000,703.00000000000
3388417.00000000000,3419622.00000000000,696.00000000000
3399613.00000000000,3422846.00000000000,696.00000000000
3401760.00000000000,3368904.00000000000,698.00000000000
3401831.00000000000,3367222.00000000000,697.00000000000
3423473.00000000000,3272712.00000000000,564.00000000000
3424110.00000000000,3272415.00000000000,563.00000000000
3426926.00000000000,3272924.00000000000,562.00000000000
3386939.00000000000,3297494.00000000000,708.00000000000
3494055.00000000000,3084973.00000000000,635.00000000000
3495257.00000000000,3083404.00000000000,610.00000000000
3496476.00000000000,3085273.00000000000,633.00000000000
3499147.00000000000,3085339.00000000000,621.00000000000
3424633.00000000000,3327307.00000000000,591.00000000000
3423313.00000000000,3326647.00000000000,593.00000000000
3423973.00000000000,3327307.00000000000,599.00000000000
3421993.00000000000,3326647.00000000000,603.00000000000
3428234.00000000000,3301971.00000000000,588.00000000000
3439285.72830000000,3370901.58280000000,598.00000000000
3379145.11780000000,3394904.13460000000,707.00000000000
3371175.00000000000,3282040.00000000000,733.00000000000
3381955.00000000000,3268069.00000000000,727.00000000000
3342362.00000000000,3264056.00000000000,725.00000000000
3429150.00000000000,3413631.00000000000,610.00000000000
3390913.00000000000,3322541.00000000000,714.00000000000
3371125.00000000000,3426962.00000000000,737.00000000000
3352659.00000000000,3393193.00000000000,744.00000000000
3353370.00000000000,3393740.00000000000,742.00000000000
3427734.00000000000,3422755.00000000000,601.00000000000
3405765.00000000000,3390499.00000000000,695.00000000000
3378432.00000000000,3332200.00000000000,722.50000000000
3378202.00000000000,3331408.00000000000,724.92000000000
3381510.00000000000,3327686.00000000000,718.17000000000
3380947.00000000000,3325711.00000000000,721.50000000000
3380511.00000000000,3323505.00000000000,728.77000000000
3345747.58550000000,3066022.26600000000,505.00000000000
3360240.96310000000,3074776.84790000000,501.00000000000
3353802.91580000000,3059545.75350000000,477.00000000000
3380260.17800000000,3109382.42760000000,550.00000000000
3370704.98230000000,3107554.03080000000,551.00000000000
3375599.15890000000,3104290.68100000000,546.00000000000
3353216.95950000000,3038333.61330000000,485.50000000000
3445127.11820000000,3091032.96100000000,659.00000000000
3462857.54570000000,3086068.46880000000,626.00000000000
3373719.51280000000,3150769.14380000000,615.00000000000
3395841.73290000000,3160325.42170000000,636.00000000000
3397057.61080000000,3160237.54900000000,633.00000000000
3365308.28130000000,3116867.32750000000,592.00000000000
3422199.29450000000,3137745.08940000000,637.00000000000
3426301.15960000000,3120498.10460000000,658.00000000000
3419296.04400000000,3130377.40630000000,659.00000000000
3389856.86010000000,3155640.91630000000,658.00000000000
3380145.44680000000,3156829.34640000000,628.00000000000
3381610.85220000000,3158163.71540000000,625.00000000000
3376921.73570000000,3155489.92500000000,628.00000000000
3394176.27520000000,3157564.60450000000,646.00000000000
3385298.65380000000,3157250.06970000000,649.00000000000
3383944.71700000000,3160326.31300000000,633.00000000000
3382148.39150000000,3154685.30590000000,646.00000000000
3402528.79300000000,3117157.01850000000,627.00000000000
3406789.78160000000,3112142.48140000000,639.00000000000
3406348.13510000000,3125571.42110000000,592.00000000000
3413181.88590000000,3057341.96870000000,649.00000000000
3414074.95650000000,3059169.99940000000,648.00000000000
3343053.21980000000,3065806.64290000000,520.00000000000
3423708.12420000000,3087748.75990000000,666.00000000000
3431623.16430000000,3086677.53370000000,651.00000000000
3417521.42390000000,3085893.47550000000,641.00000000000
3413601.21760000000,3080112.12730000000,647.00000000000
3467578.08260000000,3026039.15790000000,685.00000000000
3463524.79530000000,3025435.49750000000,685.00000000000
3467413.62300000000,3027670.62050000000,682.00000000000
3374675.42520000000,3087739.42820000000,506.00000000000
3377095.63190000000,3088945.83760000000,499.00000000000
3384051.04410000000,3141232.41960000000,590.00000000000
3381511.79430000000,3138495.60250000000,592.00000000000
3388435.05910000000,3148091.15820000000,628.00000000000
3384358.48050000000,3146571.14630000000,628.00000000000
3375197.05110000000,3146021.80780000000,625.00000000000
3370433.39030000000,3133594.28140000000,612.00000000000
3352941.30230000000,3104431.99890000000,553.00000000000
3352780.77250000000,3105677.69850000000,555.00000000000
3352958.01960000000,3105224.14410000000,551.00000000000
3344593.54731000000,3221321.40671000000,666.00000000000
3487989.00000000000,3254781.00000000000,520.50000000000
3487873.00000000000,3250359.00000000000,523.40000000000
3488455.00000000000,3247682.00000000000,511.80000000000
3504282.00000000000,3227665.00000000000,528.30000000000
3499054.00000000000,3210092.00000000000,552.00000000000
3498580.00000000000,3212070.00000000000,550.90000000000
3479377.00000000000,3204739.00000000000,524.30000000000
3443184.00000000000,3267234.00000000000,546.50000000000
3448537.00000000000,3246402.00000000000,491.50000000000
3429335.00000000000,3211721.00000000000,591.50000000000
3431421.00000000000,3293457.00000000000,572.80000000000
3423011.00000000000,3293457.00000000000,630.40000000000
3461347.00000000000,3272773.00000000000,557.50000000000
3453629.00000000000,3193028.00000000000,487.98000000000
3445738.00000000000,3186767.00000000000,479.48000000000
3445738.00000000000,3189767.00000000000,479.48000000000
3445738.00000000000,3191767.00000000000,479.48000000000
3449738.00000000000,3188767.00000000000,479.48000000000
3451738.00000000000,3191767.00000000000,479.48000000000
3445738.00000000000,3195767.00000000000,479.48000000000
3447738.00000000000,3196767.00000000000,479.48000000000
3453738.00000000000,3202767.00000000000,479.48000000000
3434826.00000000000,3220188.00000000000,500.00000000000
3453891.00000000000,3188760.00000000000,577.58000000000
3342193.35500000000,3214150.40000000000,700.64000000000
3343559.37600000000,3209944.19300000000,677.50000000000
3332435.28000000000,3205310.22100000000,679.88000000000
3335319.64100000000,3206373.92200000000,673.39000000000
3334569.54000000000,3206280.21400000000,674.33000000000
3333939.51200000000,3207124.41500000000,676.68000000000
3334942.69000000000,3205119.17400000000,672.89000000000
3334322.62600000000,3201514.28100000000,679.42000000000
3338133.42500000000,3209546.69300000000,681.11000000000
3338259.16100000000,3210432.09900000000,688.49000000000
3339711.41300000000,3211512.65100000000,697.27000000000
3339754.76500000000,3210898.93500000000,683.50000000000
3340985.33100000000,3202544.99600000000,679.00000000000
3335740.58000000000,3200740.50100000000,679.62000000000
3338855.64000000000,3206164.58900000000,680.59000000000
3348118.62500000000,3208338.14500000000,684.69000000000
3348905.27100000000,3214559.70600000000,694.11000000000
3340918.69200000000,3215742.17600000000,702.18000000000
3336900.89900000000,3206058.61800000000,682.24000000000
3341560.90400000000,3206467.87500000000,680.24000000000
3331554.71400000000,3209362.89600000000,690.45000000000
3333190.60500000000,3211637.48500000000,693.50000000000
3337171.60200000000,3212943.27100000000,694.99000000000
3408146.00000000000,3163160.00000000000,631.49000000000
3407876.00000000000,3162701.00000000000,633.07000000000
3407935.00000000000,3161855.00000000000,632.90000000000
3408985.00000000000,3161819.00000000000,632.89000000000
3408963.00000000000,3162657.00000000000,630.93000000000
3408649.00000000000,3162774.00000000000,633.42000000000
3409590.00000000000,3162978.00000000000,632.92000000000
3410618.00000000000,3162635.00000000000,633.00000000000
3409160.00000000000,3164517.00000000000,632.80000000000
3409750.00000000000,3164881.00000000000,633.20000000000
3411230.00000000000,3160842.00000000000,627.97000000000
3411836.00000000000,3160550.00000000000,630.99000000000
3410049.00000000000,3160069.00000000000,630.33000000000
3415576.00000000000,3162213.00000000000,622.01000000000
3416568.00000000000,3162745.00000000000,620.73000000000
3417086.00000000000,3163744.00000000000,619.65000000000
3417217.00000000000,3165487.00000000000,618.76000000000
3417217.00000000000,3161753.00000000000,620.28000000000
3416838.00000000000,3159376.00000000000,611.93000000000
3413885.00000000000,3158640.00000000000,624.72000000000
3415190.00000000000,3158764.00000000000,624.22000000000
3414038.00000000000,3157830.00000000000,608.24000000000
3413994.00000000000,3157830.00000000000,605.71000000000
3413834.00000000000,3158049.00000000000,611.48000000000
3413447.00000000000,3158209.00000000000,604.04000000000
3278808.97000000000,3443732.28000000000,921.00000000000
3298629.60000000000,3442315.81000000000,870.00000000000
3220748.84000000000,3442250.64000000000,907.00000000000
3215553.60000000000,3441277.86000000000,888.00000000000
3259324.34000000000,3438255.53000000000,974.00000000000
3246930.00000000000,3437640.00000000000,939.00000000000
3325298.85000000000,3435264.84000000000,792.00000000000
3229210.55000000000,3434612.24000000000,901.00000000000
3214880.00000000000,3433670.00000000000,908.00000000000
3292222.49000000000,3433668.12000000000,879.00000000000
3313274.59000000000,3432992.58000000000,848.00000000000
3252915.69000000000,3430115.71000000000,954.00000000000
3255004.78000000000,3430020.59000000000,954.00000000000
3330757.42000000000,3429476.04000000000,783.00000000000
3213470.00000000000,3428510.00000000000,907.00000000000
3275290.58000000000,3426009.43000000000,916.00000000000
3231484.37000000000,3425753.18000000000,886.00000000000
3311711.75000000000,3425723.98000000000,801.00000000000
3228102.45000000000,3425644.41000000000,880.00000000000
3230512.60000000000,3420972.16000000000,875.00000000000
3213850.23000000000,3420798.65000000000,891.00000000000
3349178.97000000000,3419178.69000000000,740.00000000000
3226049.46000000000,3418842.70000000000,872.00000000000
3217390.00000000000,3418660.00000000000,876.00000000000
3270445.07000000000,3415738.63000000000,905.00000000000
3229462.58000000000,3414844.10000000000,874.00000000000
3306744.69000000000,3414656.70000000000,823.00000000000
3222558.01000000000,3413987.81000000000,869.00000000000
3343759.73000000000,3410772.49000000000,725.00000000000
3249628.35000000000,3410396.67000000000,876.00000000000
3270054.52000000000,3410251.38000000000,904.00000000000
3331940.00000000000,3410010.00000000000,823.00000000000
3275867.61000000000,3409811.62000000000,896.00000000000
3343010.45000000000,3409304.79000000000,722.00000000000
3218460.00000000000,3408800.00000000000,853.00000000000
3340080.00000000000,3408520.00000000000,734.00000000000
3313210.00000000000,3408490.00000000000,803.00000000000
3222894.09000000000,3406519.36000000000,864.00000000000
3228685.71000000000,3405929.88000000000,883.00000000000
3242283.05000000000,3405890.95000000000,885.00000000000
3338080.00000000000,3405530.00000000000,757.00000000000
3251368.59000000000,3405093.28000000000,904.00000000000
3343146.26000000000,3404865.06000000000,738.00000000000
3325241.13000000000,3404769.83000000000,812.00000000000
3269633.45000000000,3404328.74000000000,896.00000000000
3319956.99000000000,3403648.82000000000,809.00000000000
3331411.51000000000,3401832.71000000000,749.00000000000
3273320.00000000000,3400768.00000000000,880.00000000000
3335210.00000000000,3399790.00000000000,740.00000000000
3309435.17000000000,3398133.71000000000,804.00000000000
3333544.03000000000,3395665.77000000000,739.00000000000
3256043.22000000000,3395653.14000000000,877.00000000000
3334560.00000000000,3392180.00000000000,739.00000000000
3316021.28000000000,3392033.39000000000,794.00000000000
3232318.42000000000,3389093.93000000000,845.00000000000
3302316.81000000000,3388801.77000000000,829.00000000000
3221197.65000000000,3387735.24000000000,834.00000000000
3315078.25000000000,3387492.44000000000,792.00000000000
3271680.00000000000,3387280.00000000000,868.00000000000
3292866.66000000000,3386763.70000000000,867.00000000000
3331974.09000000000,3385250.18000000000,736.00000000000
3323235.49000000000,3384743.44000000000,766.00000000000
3254860.00000000000,3383670.00000000000,853.00000000000
3275390.00000000000,3383040.00000000000,862.00000000000
3336673.75000000000,3382215.63000000000,739.00000000000
3333460.00000000000,3380190.00000000000,739.00000000000
3250951.43000000000,3379968.10000000000,859.00000000000
3296449.32000000000,3379300.35000000000,865.00000000000
3300091.19000000000,3378846.35000000000,847.00000000000
3231798.11000000000,3378378.96000000000,831.00000000000
3296875.60000000000,3378349.11000000000,850.00000000000
3218032.43000000000,3378237.92000000000,812.00000000000
3258932.39000000000,3376084.57000000000,838.00000000000
3339320.00000000000,3375670.00000000000,734.00000000000
3348427.52000000000,3375641.13000000000,744.00000000000
3243267.31000000000,3374918.79000000000,861.00000000000
3282170.00000000000,3374560.00000000000,859.00000000000
3319408.75000000000,3374494.41000000000,773.00000000000
3287340.00000000000,3373970.00000000000,872.00000000000
3256270.00000000000,3373900.00000000000,830.00000000000
3245930.00000000000,3373720.00000000000,865.00000000000
3222760.00000000000,3373190.00000000000,805.00000000000
3288200.00000000000,3372610.00000000000,856.00000000000
3233550.00000000000,3369960.00000000000,800.00000000000
3301540.00000000000,3369910.00000000000,867.00000000000
3293900.00000000000,3369340.00000000000,891.00000000000
3326086.27000000000,3369131.41000000000,763.00000000000
3347416.84000000000,3368715.83000000000,738.00000000000
3346721.70000000000,3366403.87000000000,733.00000000000
3225341.39000000000,3366234.69000000000,791.00000000000
3281860.00000000000,3365900.00000000000,861.00000000000
3274608.42000000000,3365869.53000000000,844.00000000000
3243660.00000000000,3365450.00000000000,814.00000000000
3312858.97000000000,3363795.21000000000,829.00000000000
3251289.19000000000,3363461.77000000000,811.00000000000
3311939.29000000000,3360707.97000000000,827.00000000000
3272733.16000000000,3360297.82000000000,827.00000000000
3225537.50000000000,3360177.66000000000,783.00000000000
3266508.65000000000,3360131.51000000000,818.00000000000
3350310.00000000000,3359960.00000000000,729.00000000000
3316760.00000000000,3359840.00000000000,827.00000000000
3234888.64000000000,3359614.12000000000,792.00000000000
3279776.12000000000,3358199.94000000000,838.00000000000
3275836.06000000000,3356939.86000000000,829.00000000000
3285000.00000000000,3356430.00000000000,831.00000000000
3302265.70000000000,3356018.18000000000,866.00000000000
3236089.81000000000,3355412.13000000000,791.00000000000
3232845.12000000000,3355328.55000000000,790.00000000000
3331350.00000000000,3354390.00000000000,824.00000000000
3372442.50000000000,3353786.12000000000,745.00000000000
3329796.24000000000,3352968.24000000000,819.00000000000
3235826.67000000000,3352613.61000000000,792.00000000000
3365776.80000000000,3352324.37000000000,725.00000000000
3297186.47000000000,3352191.76000000000,849.00000000000
3361495.81000000000,3352112.02000000000,727.00000000000
3246526.47000000000,3351820.60000000000,815.00000000000
3328572.83000000000,3351663.08000000000,818.00000000000
3285512.13000000000,3351650.05000000000,842.00000000000
3340704.53000000000,3351099.04000000000,779.00000000000
3334780.00000000000,3350850.00000000000,816.00000000000
3338426.00000000000,3350742.00000000000,789.00000000000
3338190.00000000000,3350740.00000000000,780.00000000000
3253582.43000000000,3350678.17000000000,814.00000000000
3346872.92000000000,3350644.65000000000,738.00000000000
3364122.10000000000,3350390.21000000000,726.00000000000
3303160.00000000000,3350390.00000000000,866.00000000000
3290205.73000000000,3350144.29000000000,823.00000000000
3231128.65000000000,3349370.78000000000,770.00000000000
3350396.97000000000,3348531.16000000000,730.00000000000
3367848.61000000000,3348376.60000000000,732.00000000000
3239417.34000000000,3348154.42000000000,787.00000000000
3331838.25000000000,3347993.39000000000,815.00000000000
3368499.65000000000,3347787.39000000000,731.00000000000
3242170.00000000000,3347410.00000000000,791.00000000000
3266316.84000000000,3347331.98000000000,829.00000000000
3362661.63000000000,3346981.55000000000,715.00000000000
3262344.30000000000,3346918.89000000000,837.00000000000
3340064.07000000000,3346897.27000000000,749.00000000000
3306160.39000000000,3346664.60000000000,827.00000000000
3284672.34000000000,3344982.69000000000,838.00000000000
3253568.72000000000,3344960.72000000000,852.00000000000
3237110.00000000000,3344800.00000000000,797.00000000000
3318891.02000000000,3344369.30000000000,746.00000000000
3259911.18000000000,3344319.28000000000,820.00000000000
3318939.11000000000,3344199.32000000000,750.00000000000
3245500.46000000000,3344185.27000000000,831.00000000000
3222439.29000000000,3344001.51000000000,778.00000000000
3274059.82000000000,3344001.45000000000,839.00000000000
3222440.00000000000,3344000.00000000000,780.00000000000
3216422.39000000000,3343954.92000000000,765.00000000000
3339983.69000000000,3343937.58000000000,772.00000000000
3357384.09000000000,3343244.82000000000,736.00000000000
3265654.35000000000,3343233.75000000000,819.00000000000
3319687.24000000000,3342495.65000000000,760.00000000000
3249615.92000000000,3342288.42000000000,855.00000000000
3237743.12000000000,3342188.58000000000,797.00000000000
3297059.26000000000,3341760.95000000000,833.00000000000
3262758.05000000000,3341684.58000000000,847.00000000000
3343900.00000000000,3341030.00000000000,741.00000000000
3346110.00000000000,3340800.00000000000,739.00000000000
3368789.95000000000,3340146.57000000000,731.00000000000
3346765.20000000000,3340137.42000000000,734.00000000000
3346501.76000000000,3340061.10000000000,736.00000000000
3364474.90000000000,3339541.17000000000,731.00000000000
3355403.99000000000,3339092.21000000000,737.00000000000
3289680.03000000000,3339088.10000000000,852.00000000000
3237897.56000000000,3339064.70000000000,818.00000000000
3353218.64000000000,3339020.70000000000,739.00000000000
3258932.23000000000,3338881.82000000000,852.00000000000
3334586.53000000000,3338784.83000000000,767.00000000000
3215680.92000000000,3338674.12000000000,792.00000000000
3245098.16000000000,3338540.30000000000,847.00000000000
3370337.04000000000,3338507.28000000000,731.00000000000
3344030.28000000000,3338265.71000000000,723.00000000000
3269047.11000000000,3338250.49000000000,854.00000000000
3344219.76000000000,3338228.44000000000,730.00000000000
3341900.00000000000,3337900.00000000000,733.00000000000
3353982.10000000000,3337554.26000000000,752.00000000000
3227343.13000000000,3337498.11000000000,786.00000000000
3233405.06000000000,3336669.36000000000,796.00000000000
3282878.52000000000,3336507.66000000000,850.00000000000
3286460.57000000000,3336041.04000000000,855.00000000000
3224986.99000000000,3335715.89000000000,789.00000000000
3347458.05000000000,3335431.76000000000,752.00000000000
3227010.04000000000,3335184.13000000000,792.00000000000
3335371.69000000000,3335056.60000000000,734.00000000000
3269223.16000000000,3335002.20000000000,870.00000000000
3322328.76000000000,3334939.81000000000,804.00000000000
3272561.31000000000,3334608.54000000000,846.00000000000
3236070.00000000000,3334360.00000000000,811.00000000000
3238169.49000000000,3333295.82000000000,817.00000000000
3260520.00000000000,3333250.00000000000,871.00000000000
3347164.04000000000,3332996.18000000000,754.00000000000
3347848.50000000000,3332255.94000000000,759.00000000000
3293355.01000000000,3331733.94000000000,844.00000000000
3328676.30000000000,3331716.39000000000,733.00000000000
3233236.16000000000,3331154.01000000000,801.00000000000
3321801.26000000000,3330700.34000000000,795.00000000000
3314298.75000000000,3330207.40000000000,799.00000000000
3245273.96000000000,3330135.28000000000,833.00000000000
3329450.00000000000,3329840.00000000000,736.00000000000
3369069.31000000000,3329830.42000000000,721.00000000000
3330265.52000000000,3329549.50000000000,727.00000000000
3237015.21000000000,3329545.92000000000,810.00000000000
3267116.25000000000,3328675.50000000000,879.00000000000
3250095.73000000000,3328575.95000000000,853.00000000000
3282847.68000000000,3327944.36000000000,868.00000000000
3329830.00000000000,3327900.00000000000,726.00000000000
3329326.10000000000,3327500.58000000000,713.00000000000
3260044.76000000000,3327133.08000000000,863.00000000000
3248238.24000000000,3325889.18000000000,843.00000000000
3254203.34000000000,3325638.09000000000,850.00000000000
3266556.71000000000,3325003.30000000000,877.00000000000
3367302.67000000000,3324642.05000000000,723.00000000000
3314700.00000000000,3324510.00000000000,833.00000000000
3267628.91000000000,3324252.71000000000,870.00000000000
3291068.02000000000,3324240.05000000000,860.00000000000
3341006.32000000000,3323946.72000000000,763.00000000000
3260257.56000000000,3323618.07000000000,863.00000000000
3339171.66000000000,3323612.75000000000,764.00000000000
3334015.29000000000,3322053.77000000000,755.00000000000
3274853.80000000000,3322020.40000000000,869.00000000000
3368236.37000000000,3321995.29000000000,720.00000000000
3299893.01000000000,3321941.91000000000,847.00000000000
3244702.81000000000,3321617.75000000000,819.00000000000
3300991.08000000000,3321100.18000000000,837.00000000000
3238796.02000000000,3321065.88000000000,795.00000000000
3256156.02000000000,3320972.28000000000,855.00000000000
3340058.68000000000,3320412.57000000000,745.00000000000
3341846.63000000000,3320237.77000000000,764.00000000000
3329660.00000000000,3318460.00000000000,727.00000000000
3323419.61000000000,3318329.19000000000,721.00000000000
3230523.23000000000,3318181.07000000000,837.00000000000
3355799.13000000000,3317978.65000000000,757.00000000000
3238114.34000000000,3316718.19000000000,822.00000000000
3261926.33000000000,3315795.61000000000,859.00000000000
3227929.03000000000,3315093.42000000000,845.00000000000
3246809.48000000000,3314633.54000000000,825.00000000000
3293127.07000000000,3313741.86000000000,845.00000000000
3222664.32000000000,3312943.55000000000,842.00000000000
3304297.61000000000,3312785.24000000000,814.00000000000
3242447.31000000000,3311526.67000000000,817.00000000000
3328474.04000000000,3311459.80000000000,723.00000000000
3296128.80000000000,3311055.61000000000,814.00000000000
3233297.72000000000,3310185.81000000000,825.00000000000
3217190.39000000000,3309907.37000000000,844.00000000000
3341955.28000000000,3309527.72000000000,760.00000000000
3356048.51000000000,3307673.59000000000,772.00000000000
3260621.20000000000,3307422.66000000000,857.00000000000
3230482.55000000000,3307262.83000000000,821.00000000000
3308700.02000000000,3307127.06000000000,825.00000000000
3263381.24000000000,3306337.83000000000,862.00000000000
3320075.55000000000,3306078.54000000000,780.00000000000
3217297.73000000000,3306021.09000000000,791.00000000000
3236103.58000000000,3305857.16000000000,819.00000000000
3332138.67000000000,3305432.95000000000,740.00000000000
3291806.27000000000,3304840.72000000000,831.00000000000
3268336.12000000000,3304017.73000000000,858.00000000000
3353245.13000000000,3303963.45000000000,776.00000000000
3313827.12000000000,3303725.74000000000,841.00000000000
3336667.32000000000,3303363.99000000000,769.00000000000
3306483.36000000000,3301970.63000000000,810.00000000000
3363440.41000000000,3301829.12000000000,729.00000000000
3266675.00000000000,3301673.10000000000,859.00000000000
3322236.55000000000,3300607.90000000000,740.00000000000
3242555.80000000000,3300541.09000000000,836.00000000000
3235455.41000000000,3299608.19000000000,823.00000000000
3296817.21000000000,3299256.77000000000,782.00000000000
3322671.35000000000,3299201.69000000000,738.00000000000
3290434.73000000000,3297398.37000000000,800.00000000000
3251898.13000000000,3296838.69000000000,857.00000000000
3361635.51000000000,3295704.63000000000,741.00000000000
3218224.90000000000,3294741.71000000000,795.00000000000
3228995.72000000000,3294269.93000000000,844.00000000000
3258470.72000000000,3294257.47000000000,862.00000000000
3248667.76000000000,3293590.10000000000,850.00000000000
3283829.36000000000,3293455.76000000000,825.00000000000
3272693.52000000000,3292048.45000000000,849.00000000000
3237405.41000000000,3290836.50000000000,848.00000000000
3256442.34000000000,3289637.75000000000,866.00000000000
3254790.78000000000,3289036.24000000000,876.00000000000
3234823.84000000000,3288753.85000000000,852.00000000000
3215514.03000000000,3288460.77000000000,792.00000000000
3246940.27000000000,3288444.35000000000,847.00000000000
3220156.10000000000,3288324.09000000000,816.00000000000
3258735.45000000000,3287861.61000000000,878.00000000000
3275515.50000000000,3286606.78000000000,896.00000000000
3295905.50000000000,3286063.50000000000,817.00000000000
3224207.76000000000,3285616.96000000000,851.00000000000
3249687.46000000000,3285042.38000000000,854.00000000000
3353661.05000000000,3285015.64000000000,758.00000000000
3268269.13000000000,3283906.21000000000,895.00000000000
3312191.83000000000,3283506.63000000000,729.00000000000
3272496.59000000000,3282736.89000000000,895.00000000000
3243040.21000000000,3282442.50000000000,853.00000000000
3254852.08000000000,3282340.74000000000,885.00000000000
3220872.52000000000,3282033.70000000000,846.00000000000
3343467.81000000000,3281931.21000000000,749.00000000000
3309440.85000000000,3281769.66000000000,771.00000000000
3248297.14000000000,3281562.31000000000,855.00000000000
3238463.67000000000,3281265.34000000000,849.00000000000
3250803.99000000000,3280063.46000000000,873.00000000000
3342230.58000000000,3279852.44000000000,732.00000000000
3227781.26000000000,3279726.85000000000,852.00000000000
3241932.86000000000,3279513.64000000000,854.00000000000
3214302.66000000000,3278818.11000000000,801.00000000000
3256228.52000000000,3277978.14000000000,896.00000000000
3315575.57000000000,3277855.34000000000,771.00000000000
3256541.36000000000,3277556.78000000000,891.00000000000
3231251.28000000000,3277251.45000000000,852.00000000000
3296853.46000000000,3277222.92000000000,840.00000000000
3290982.61000000000,3276920.46000000000,852.00000000000
3235176.51000000000,3276766.07000000000,853.00000000000
3343938.73000000000,3275923.86000000000,757.00000000000
3298593.64000000000,3275861.23000000000,801.00000000000
3261593.51000000000,3275726.43000000000,855.00000000000
3240858.34000000000,3275416.58000000000,854.00000000000
3253291.05000000000,3275000.76000000000,885.00000000000
3289666.90000000000,3274908.82000000000,860.00000000000
3346848.86000000000,3274317.00000000000,762.00000000000
3227540.87000000000,3273838.05000000000,842.00000000000
3257552.30000000000,3273778.43000000000,855.00000000000
3309815.83000000000,3273695.47000000000,788.00000000000
3291955.62000000000,3273368.04000000000,848.00000000000
3346191.92000000000,3273113.68000000000,755.00000000000
3272231.13000000000,3272749.80000000000,864.00000000000
3349858.16000000000,3272425.18000000000,763.00000000000
3344936.44000000000,3272319.36000000000,752.00000000000
3222381.06000000000,3272266.60000000000,801.00000000000
3244942.72000000000,3271773.29000000000,858.00000000000
3257352.73000000000,3271127.02000000000,854.00000000000
3272597.28000000000,3270725.13000000000,857.00000000000
3306647.53000000000,3270378.52000000000,790.00000000000
3348079.72000000000,3270338.48000000000,768.00000000000
3288165.54000000000,3270013.47000000000,860.00000000000
3250454.28000000000,3269241.21000000000,861.00000000000
3266123.72000000000,3269184.40000000000,884.00000000000
3353683.45000000000,3268973.96000000000,766.00000000000
3300712.62000000000,3268766.44000000000,794.00000000000
3283309.56000000000,3268392.86000000000,826.00000000000
3313865.13000000000,3268128.71000000000,778.00000000000
3342564.45000000000,3267343.08000000000,725.00000000000
3240044.69000000000,3267290.18000000000,850.00000000000
3214171.67000000000,3266829.90000000000,813.00000000000
3261590.12000000000,3266631.65000000000,855.00000000000
3224102.98000000000,3266540.96000000000,827.00000000000
3267486.99000000000,3266030.94000000000,871.00000000000
3251264.29000000000,3265195.74000000000,854.00000000000
3292697.86000000000,3265120.40000000000,810.00000000000
3270029.72000000000,3264969.98000000000,857.00000000000
3237861.29000000000,3264946.34000000000,835.00000000000
3293324.88000000000,3264754.06000000000,810.00000000000
3364185.51000000000,3264467.19000000000,756.00000000000
3313433.02000000000,3264439.54000000000,766.00000000000
3344954.80000000000,3264255.31000000000,756.00000000000
3309889.09000000000,3264013.57000000000,771.00000000000
3227028.59000000000,3263958.48000000000,817.00000000000
3225361.92000000000,3263856.06000000000,823.00000000000
3230989.32000000000,3263367.53000000000,827.00000000000
3356020.34000000000,3263120.96000000000,752.00000000000
3348428.92000000000,3262692.89000000000,762.00000000000
3251493.16000000000,3262138.75000000000,856.00000000000
3215169.51000000000,3261990.19000000000,817.00000000000
3350209.52000000000,3261052.35000000000,760.00000000000
3244924.45000000000,3260559.15000000000,844.00000000000
3325845.22000000000,3260423.62000000000,686.00000000000
3306823.63000000000,3260164.53000000000,760.00000000000
3305259.67000000000,3259854.74000000000,778.00000000000
3268565.73000000000,3259212.71000000000,840.00000000000
3226593.55000000000,3259167.77000000000,819.00000000000
3328448.30000000000,3259140.84000000000,679.00000000000
3303385.86000000000,3258757.34000000000,779.00000000000
3288162.67000000000,3258472.72000000000,852.00000000000
3246386.55000000000,3258396.33000000000,843.00000000000
3241581.35000000000,3258276.10000000000,840.00000000000
3349519.33000000000,3258171.83000000000,755.00000000000
3353304.16000000000,3257685.13000000000,775.00000000000
3334675.23000000000,3257450.09000000000,721.00000000000
3333619.64000000000,3257406.73000000000,725.00000000000
3236019.31000000000,3257166.07000000000,828.00000000000
3239647.25000000000,3256682.19000000000,827.00000000000
3329101.30000000000,3255872.44000000000,684.00000000000
3243813.32000000000,3255471.11000000000,851.00000000000
3250164.23000000000,3255440.50000000000,854.00000000000
3321151.80000000000,3255299.25000000000,675.00000000000
3324792.66000000000,3255031.31000000000,684.00000000000
3304228.80000000000,3254971.71000000000,769.00000000000
3321851.07000000000,3253809.57000000000,681.00000000000
3307588.50000000000,3253779.58000000000,767.00000000000
3262179.53000000000,3253486.17000000000,854.00000000000
3239835.75000000000,3253178.43000000000,831.00000000000
3240890.84000000000,3253021.80000000000,831.00000000000
3318822.48000000000,3252801.18000000000,729.00000000000
3233172.74000000000,3252649.89000000000,828.00000000000
3365415.42000000000,3252567.02000000000,743.00000000000
3287453.25000000000,3252440.18000000000,796.00000000000
3316405.20000000000,3252261.91000000000,734.00000000000
3305931.20000000000,3251795.60000000000,767.00000000000
3228544.11000000000,3251768.18000000000,814.00000000000
3223744.90000000000,3251738.60000000000,810.00000000000
3334948.51000000000,3251498.41000000000,718.00000000000
3304628.75000000000,3251104.44000000000,761.00000000000
3335443.53000000000,3250753.93000000000,712.00000000000
3247022.35000000000,3250625.78000000000,854.00000000000
3353524.14000000000,3250288.43000000000,758.00000000000
3297142.18000000000,3249945.99000000000,765.00000000000
3300360.98000000000,3249005.22000000000,757.00000000000
3335901.62000000000,3248550.06000000000,718.00000000000
3339232.32000000000,3247285.65000000000,726.00000000000
3235959.86000000000,3247265.72000000000,832.00000000000
3308082.69000000000,3247188.17000000000,739.00000000000
3344315.17000000000,3247076.78000000000,744.00000000000
3239834.20000000000,3246943.91000000000,833.00000000000
3356695.24000000000,3246628.86000000000,730.00000000000
3222840.61000000000,3246613.64000000000,827.00000000000
3358532.78000000000,3246590.23000000000,727.00000000000
3348371.35000000000,3246480.62000000000,757.00000000000
3295490.25000000000,3245618.49000000000,764.00000000000
3319940.06000000000,3245590.24000000000,684.00000000000
3251445.26000000000,3245357.82000000000,853.00000000000
3341294.38000000000,3245114.94000000000,739.00000000000
3311270.86000000000,3244876.69000000000,715.00000000000
3354670.89000000000,3244589.10000000000,733.00000000000
3336304.28000000000,3244458.36000000000,697.00000000000
3327197.52000000000,3244244.92000000000,673.00000000000
3346319.01000000000,3244071.00000000000,738.00000000000
3334545.70000000000,3243864.65000000000,706.00000000000
3243566.80000000000,3243435.13000000000,841.00000000000
3270722.39000000000,3243337.74000000000,826.00000000000
3285625.89000000000,3243255.74000000000,790.00000000000
3351391.54000000000,3243119.49000000000,737.00000000000
3238464.35000000000,3242931.58000000000,834.00000000000
3302711.55000000000,3242683.30000000000,769.00000000000
3235920.22000000000,3242638.53000000000,828.00000000000
3345215.63000000000,3242563.97000000000,727.00000000000
3360317.42000000000,3241836.80000000000,730.00000000000
3283763.18000000000,3241481.44000000000,839.00000000000
3279550.25000000000,3241415.10000000000,861.00000000000
3311465.89000000000,3241239.30000000000,719.00000000000
3338496.42000000000,3240511.01000000000,675.00000000000
3224630.85000000000,3240130.66000000000,833.00000000000
3255894.86000000000,3239528.52000000000,849.00000000000
3291095.53000000000,3239215.50000000000,777.00000000000
3347351.89000000000,3238848.88000000000,716.00000000000
3354861.57000000000,3238691.04000000000,712.00000000000
3339588.72000000000,3238337.78000000000,699.00000000000
3352145.57000000000,3238332.70000000000,699.00000000000
3357920.33000000000,3238024.03000000000,725.00000000000
3294512.60000000000,3237880.79000000000,767.00000000000
3317459.27000000000,3237734.08000000000,690.00000000000
3260727.19000000000,3237430.94000000000,851.00000000000
3270003.56000000000,3236986.58000000000,843.00000000000
3351582.71000000000,3236942.02000000000,709.00000000000
3306065.63000000000,3236838.65000000000,753.00000000000
3229856.84000000000,3236775.08000000000,844.00000000000
3364092.42000000000,3236702.83000000000,728.00000000000
3361361.46000000000,3235693.67000000000,718.00000000000
3307374.07000000000,3235588.47000000000,716.00000000000
3345660.89000000000,3235167.09000000000,683.00000000000
3287855.63000000000,3234467.15000000000,778.00000000000
3269857.52000000000,3233247.30000000000,845.00000000000
3360237.43000000000,3233224.02000000000,718.00000000000
3353318.74000000000,3232503.24000000000,716.00000000000
3225820.70000000000,3232419.52000000000,851.00000000000
3228196.24000000000,3232016.86000000000,848.00000000000
3365674.51000000000,3231830.78000000000,716.00000000000
3252314.26000000000,3231406.62000000000,844.00000000000
3366895.40000000000,3231406.21000000000,715.00000000000
3288757.84000000000,3231033.96000000000,784.00000000000
3335358.06000000000,3230967.52000000000,673.00000000000
3243417.89000000000,3230536.91000000000,819.00000000000
3286617.49000000000,3230457.39000000000,773.00000000000
3357718.78000000000,3230440.20000000000,705.00000000000
3348066.58000000000,3230084.19000000000,660.00000000000
3268542.13000000000,3229335.62000000000,847.00000000000
3361685.21000000000,3229151.79000000000,713.00000000000
3354935.90000000000,3229017.33000000000,711.00000000000
3365416.28000000000,3228952.83000000000,706.00000000000
3238082.39000000000,3228906.27000000000,847.00000000000
3278307.16000000000,3228881.55000000000,765.00000000000
3296934.02000000000,3228561.98000000000,759.00000000000
3366865.87000000000,3228473.59000000000,710.00000000000
3357018.58000000000,3227682.96000000000,695.00000000000
3302375.92000000000,3227641.14000000000,738.00000000000
3272451.83000000000,3227099.70000000000,801.00000000000
3343328.82000000000,3227063.79000000000,658.00000000000
3355724.47000000000,3225479.66000000000,707.00000000000
3332671.91000000000,3225106.80000000000,690.00000000000
3290328.83000000000,3224477.10000000000,764.00000000000
3295752.34000000000,3224461.77000000000,759.00000000000
3266257.48000000000,3223744.36000000000,810.00000000000
3289579.70000000000,3223383.29000000000,762.00000000000
3359643.79000000000,3223377.39000000000,703.00000000000
3332372.92000000000,3222947.25000000000,662.00000000000
3257651.06000000000,3222927.12000000000,834.00000000000
3330513.26000000000,3222893.21000000000,658.00000000000
3330019.92000000000,3222875.71000000000,665.00000000000
3307140.72000000000,3222344.02000000000,708.00000000000
3227382.99000000000,3222034.11000000000,824.00000000000
3258293.07000000000,3221438.84000000000,830.00000000000
3354985.40000000000,3219935.03000000000,705.00000000000
3272374.58000000000,3219616.47000000000,810.00000000000
3335700.83000000000,3219338.19000000000,687.00000000000
3281827.21000000000,3216703.72000000000,750.00000000000
3320249.02000000000,3216599.69000000000,695.00000000000
3354966.16000000000,3216186.22000000000,693.00000000000
3358013.16000000000,3216146.83000000000,700.00000000000
3361985.21000000000,3215925.43000000000,704.00000000000
3242716.29000000000,3215895.63000000000,800.00000000000
3303639.97000000000,3215710.91000000000,702.00000000000
3303284.59000000000,3215492.45000000000,702.00000000000
3362415.14000000000,3214360.49000000000,704.00000000000
3359429.35000000000,3214091.79000000000,698.00000000000
3365266.17000000000,3213832.86000000000,730.00000000000
3351476.12000000000,3213813.80000000000,697.00000000000
3365350.77000000000,3213249.88000000000,730.00000000000
3272914.88000000000,3212949.41000000000,763.00000000000
3285283.99000000000,3212628.63000000000,740.00000000000
3285094.40000000000,3212601.03000000000,740.00000000000
3359742.89000000000,3210268.05000000000,708.00000000000
3366598.60000000000,3210162.20000000000,702.00000000000
3362340.95000000000,3209994.03000000000,700.00000000000
3356243.10000000000,3209480.60000000000,699.00000000000
3354279.15000000000,3209249.09000000000,694.00000000000
3366829.34000000000,3209243.94000000000,706.00000000000
3290849.49000000000,3208615.13000000000,732.00000000000
3263668.73000000000,3208447.34000000000,782.00000000000
3274984.45000000000,3208360.50000000000,747.00000000000
3365971.38000000000,3208178.86000000000,702.00000000000
3355723.70000000000,3208054.28000000000,694.00000000000
3359760.04000000000,3207604.83000000000,704.00000000000
3280620.11000000000,3206936.30000000000,737.00000000000
3307245.33000000000,3206767.48000000000,694.00000000000
3325383.64000000000,3206760.70000000000,695.00000000000
3245063.91000000000,3205392.51000000000,780.00000000000
3353393.33000000000,3205357.33000000000,683.00000000000
3365173.10000000000,3205278.59000000000,700.00000000000
3355313.84000000000,3205047.46000000000,689.00000000000
3357965.22000000000,3204686.66000000000,690.00000000000
3264941.67000000000,3204371.66000000000,752.00000000000
3262224.49000000000,3204179.33000000000,763.00000000000
3306634.00000000000,3203773.57000000000,695.00000000000
3353775.81000000000,3203668.23000000000,695.00000000000
3265383.49000000000,3203665.22000000000,754.00000000000
3294531.77000000000,3203147.08000000000,707.00000000000
3321672.60000000000,3202916.50000000000,682.00000000000
3329545.63000000000,3202762.83000000000,683.00000000000
3356194.23000000000,3202719.69000000000,688.00000000000
3312530.78000000000,3202544.95000000000,700.00000000000
3313337.58000000000,3202489.87000000000,706.00000000000
3366062.41000000000,3202229.19000000000,688.00000000000
3311046.55000000000,3200791.74000000000,695.00000000000
3276773.40000000000,3200550.20000000000,711.00000000000
3285437.55000000000,3200532.84000000000,708.00000000000
3352581.50000000000,3200447.06000000000,678.00000000000
3363865.57000000000,3200269.88000000000,681.00000000000
3317070.87000000000,3199852.47000000000,674.00000000000
3229891.83000000000,3199586.05000000000,758.00000000000
3355323.59000000000,3199096.66000000000,675.00000000000
3339419.30000000000,3199050.46000000000,675.00000000000
3359551.41000000000,3199020.05000000000,681.00000000000
3306669.92000000000,3198483.63000000000,692.00000000000
3299499.01000000000,3198406.39000000000,688.00000000000
3358698.85000000000,3196790.57000000000,677.00000000000
3359189.15000000000,3196492.90000000000,667.00000000000
3329853.11000000000,3195600.57000000000,681.00000000000
3332585.32000000000,3195528.40000000000,677.00000000000
3310179.08000000000,3195523.12000000000,688.00000000000
3252342.70000000000,3195237.39000000000,750.00000000000
3249357.38000000000,3194876.84000000000,760.00000000000
3343582.14000000000,3193690.69000000000,675.00000000000
3364508.44000000000,3193504.80000000000,680.00000000000
3244229.48000000000,3192644.90000000000,745.00000000000
3292883.21000000000,3192499.67000000000,702.00000000000
3296274.96000000000,3192460.34000000000,688.00000000000
3259170.06000000000,3192427.25000000000,722.00000000000
3324960.81000000000,3191889.01000000000,675.00000000000
3226517.97000000000,3191608.75000000000,747.00000000000
3347646.98000000000,3190594.47000000000,677.00000000000
3313993.73000000000,3190386.33000000000,681.00000000000
3289360.11000000000,3190313.71000000000,699.00000000000
3331156.78000000000,3189899.55000000000,674.00000000000
3214778.54000000000,3189029.27000000000,758.00000000000
3252326.22000000000,3188354.25000000000,722.00000000000
3288685.40000000000,3188335.60000000000,690.00000000000
3346092.33000000000,3188174.19000000000,678.00000000000
3286114.73000000000,3187543.71000000000,688.00000000000
3360750.33000000000,3187016.21000000000,677.00000000000
3307625.72000000000,3186485.41000000000,672.00000000000
3303118.14000000000,3186201.04000000000,669.00000000000
3287082.43000000000,3185536.27000000000,687.00000000000
3284780.59000000000,3185489.15000000000,691.00000000000
3287105.71000000000,3185465.29000000000,689.00000000000
3243698.60000000000,3185092.79000000000,734.00000000000
3261971.72000000000,3184786.56000000000,707.00000000000
3341425.08000000000,3184749.24000000000,678.00000000000
3302728.57000000000,3184084.56000000000,664.00000000000
3365047.71000000000,3183665.02000000000,663.00000000000
3330550.75000000000,3182837.79000000000,650.00000000000
3227709.51000000000,3182824.81000000000,729.00000000000
3335144.84000000000,3181980.67000000000,651.00000000000
3332289.23000000000,3181424.30000000000,646.00000000000
3230085.12000000000,3181025.15000000000,735.00000000000
3262489.03000000000,3179814.09000000000,687.00000000000
3363075.95000000000,3179662.89000000000,684.00000000000
3337401.63000000000,3179082.63000000000,651.00000000000
3249693.72000000000,3179071.79000000000,692.00000000000
3269245.85000000000,3178490.00000000000,684.00000000000
3301363.03000000000,3178244.41000000000,659.00000000000
3301533.56000000000,3175626.88000000000,660.00000000000
3301556.76000000000,3175507.43000000000,660.00000000000
3331417.77000000000,3175313.35000000000,652.00000000000
3307662.24000000000,3174895.10000000000,655.00000000000
3313348.59000000000,3174892.35000000000,641.00000000000
3307221.83000000000,3174637.57000000000,647.00000000000
3312640.96000000000,3173696.94000000000,642.00000000000
3261008.71000000000,3173630.45000000000,684.00000000000
3268186.06000000000,3173515.07000000000,672.00000000000
3301898.01000000000,3173324.87000000000,649.00000000000
3217791.03000000000,3173204.12000000000,733.00000000000
3308574.01000000000,3171672.01000000000,646.00000000000
3353450.86000000000,3171573.39000000000,685.00000000000
3329417.15000000000,3171502.28000000000,657.00000000000
3230773.28000000000,3171489.86000000000,713.00000000000
3329578.13000000000,3171250.45000000000,653.00000000000
3328324.06000000000,3170526.23000000000,656.00000000000
3318113.85000000000,3170305.51000000000,602.00000000000
3274390.83000000000,3169969.59000000000,678.00000000000
3264356.52000000000,3169715.99000000000,685.00000000000
3325136.07000000000,3169504.43000000000,650.00000000000
3338915.77000000000,3169083.79000000000,663.00000000000
3312954.04000000000,3168933.41000000000,616.00000000000
3271332.53000000000,3168575.25000000000,658.00000000000
3354948.47000000000,3168536.22000000000,676.00000000000
3221588.06000000000,3167905.74000000000,735.00000000000
3304207.22000000000,3166356.95000000000,650.00000000000
3345281.78000000000,3165340.55000000000,672.00000000000
3304551.18000000000,3165134.87000000000,652.00000000000
3330963.24000000000,3164578.81000000000,669.00000000000
3285225.01000000000,3164279.06000000000,648.00000000000
3356537.06000000000,3163363.44000000000,652.00000000000
3252330.78000000000,3163015.10000000000,675.00000000000
3311760.83000000000,3162696.00000000000,625.00000000000
3272846.24000000000,3162678.11000000000,643.00000000000
3338702.59000000000,3162629.89000000000,665.00000000000
3240899.46000000000,3162536.73000000000,693.00000000000
3265396.95000000000,3162252.28000000000,661.00000000000
3249030.07000000000,3162127.42000000000,668.00000000000
3253416.15000000000,3161925.05000000000,651.00000000000
3364385.92000000000,3161500.60000000000,643.00000000000
3310646.42000000000,3160519.60000000000,616.00000000000
3231395.66000000000,3160165.28000000000,705.00000000000
3301828.68000000000,3159978.23000000000,639.00000000000
3219933.32000000000,3159948.10000000000,712.00000000000
3293523.56000000000,3159809.52000000000,649.00000000000
3223154.24000000000,3159715.77000000000,713.00000000000
3335537.49000000000,3159651.14000000000,658.00000000000
3312672.05000000000,3159425.49000000000,597.00000000000
3351024.52000000000,3159360.45000000000,648.00000000000
3311104.88000000000,3159088.63000000000,611.00000000000
3357501.69000000000,3158323.29000000000,651.00000000000
3263465.21000000000,3157647.10000000000,618.00000000000
3311185.77000000000,3157199.41000000000,619.00000000000
3343527.81000000000,3156590.32000000000,660.00000000000
3231330.03000000000,3156141.24000000000,694.00000000000
3251677.65000000000,3154986.90000000000,632.00000000000
3346888.48000000000,3154485.79000000000,658.00000000000
3241077.99000000000,3154173.75000000000,678.00000000000
3354514.18000000000,3153908.31000000000,633.00000000000
3323479.21000000000,3153817.58000000000,650.00000000000
3288867.13000000000,3153463.77000000000,636.00000000000
3281314.90000000000,3153059.20000000000,624.00000000000
3317253.13000000000,3152775.42000000000,633.00000000000
3266779.92000000000,3152246.59000000000,612.00000000000
3233295.64000000000,3152136.33000000000,688.00000000000
3255597.07000000000,3151732.94000000000,623.00000000000
3294750.52000000000,3151277.69000000000,633.00000000000
3222891.16000000000,3150286.85000000000,686.00000000000
3342001.58000000000,3148979.16000000000,659.00000000000
3339498.66000000000,3146633.58000000000,656.00000000000
3217623.52000000000,3146316.67000000000,682.00000000000
3232450.73000000000,3145974.04000000000,653.00000000000
3343275.82000000000,3145756.98000000000,658.00000000000
3290493.10000000000,3145677.37000000000,607.00000000000
3323974.32000000000,3144871.84000000000,658.00000000000
3353715.24000000000,3144362.25000000000,623.00000000000
3230288.11000000000,3144232.00000000000,670.00000000000
3240509.28000000000,3144021.13000000000,641.00000000000
3313954.78000000000,3143881.37000000000,627.00000000000
3345027.82000000000,3143611.81000000000,649.00000000000
3249702.11000000000,3142147.60000000000,612.00000000000
3325549.06000000000,3140690.68000000000,647.00000000000
3289079.17000000000,3139686.28000000000,581.00000000000
3217620.20000000000,3138702.84000000000,679.00000000000
3293734.97000000000,3138629.81000000000,587.00000000000
3337711.50000000000,3137662.48000000000,656.00000000000
3295052.83000000000,3137239.03000000000,583.00000000000
3295021.67000000000,3137069.09000000000,574.00000000000
3355206.99000000000,3136728.55000000000,607.00000000000
3226392.63000000000,3136206.85000000000,660.00000000000
3368003.97000000000,3135292.79000000000,625.00000000000
3331441.00000000000,3134438.00000000000,642.00000000000
3355684.09000000000,3134433.79000000000,589.00000000000
3269938.18000000000,3134030.70000000000,577.00000000000
3310607.83000000000,3132134.71000000000,630.00000000000
3234022.59000000000,3131686.10000000000,617.00000000000
3230969.24000000000,3131210.85000000000,619.00000000000
3330554.94000000000,3131039.04000000000,645.00000000000
3218775.33000000000,3130999.16000000000,669.00000000000
3226332.04000000000,3130802.64000000000,635.00000000000
3341596.47000000000,3129210.74000000000,633.00000000000
3316009.38000000000,3129174.76000000000,645.00000000000
3258291.69000000000,3129142.97000000000,583.00000000000
3253193.68000000000,3127676.65000000000,611.00000000000
3277933.78000000000,3125102.67000000000,537.00000000000
3305674.70000000000,3124812.04000000000,611.00000000000
3322904.26000000000,3123455.01000000000,630.00000000000
3259337.52000000000,3123329.22000000000,573.00000000000
3239370.78000000000,3121817.45000000000,634.00000000000
3256685.73000000000,3121402.15000000000,566.00000000000
3332131.13000000000,3121163.36000000000,620.00000000000
3265036.42000000000,3120168.61000000000,590.00000000000
3252599.65000000000,3119689.79000000000,552.00000000000
3251759.70000000000,3118637.80000000000,569.00000000000
3251367.31000000000,3118161.32000000000,584.00000000000
3341842.71000000000,3118141.74000000000,590.00000000000
3251325.41000000000,3117802.98000000000,555.00000000000
3313327.13000000000,3117454.79000000000,619.00000000000
3240923.70000000000,3117348.60000000000,624.00000000000
3284789.52000000000,3116303.29000000000,518.00000000000
3321111.59000000000,3115360.21000000000,614.00000000000
3223701.89000000000,3115282.55000000000,607.00000000000
3240691.23000000000,3115198.26000000000,618.00000000000
3256574.58000000000,3113339.07000000000,578.00000000000
3335597.91000000000,3113105.16000000000,595.00000000000
3314801.85000000000,3112616.95000000000,612.00000000000
3263031.99000000000,3112366.49000000000,579.00000000000
3318852.97000000000,3111351.44000000000,590.00000000000
3327629.04000000000,3110837.58000000000,591.00000000000
3284970.47000000000,3109913.08000000000,515.00000000000
3312694.57000000000,3109769.38000000000,592.00000000000
3338743.25000000000,3108539.06000000000,583.00000000000
3325187.17000000000,3108142.11000000000,575.00000000000
3238568.29000000000,3107608.21000000000,577.00000000000
3257572.03000000000,3106441.04000000000,582.00000000000
3287366.81000000000,3106090.55000000000,532.00000000000
3299962.47000000000,3105733.24000000000,505.00000000000
3243640.19000000000,3104900.47000000000,530.00000000000
3320522.30000000000,3100798.87000000000,569.00000000000
3314259.83000000000,3100601.78000000000,572.00000000000
3288326.87000000000,3100539.22000000000,540.50000000000
3274220.10000000000,3100530.34000000000,584.00000000000
3277013.10000000000,3099635.66000000000,568.00000000000
3308856.11000000000,3099458.63000000000,551.00000000000
3312936.02000000000,3099222.55000000000,572.00000000000
3251054.76000000000,3098747.27000000000,594.00000000000
3258606.68000000000,3098674.96000000000,581.00000000000
3318735.01000000000,3098286.01000000000,571.00000000000
3320804.13000000000,3098245.07000000000,555.00000000000
3280502.26000000000,3096933.82000000000,541.00000000000
3249613.48000000000,3094264.62000000000,591.00000000000
3303617.15000000000,3093793.75000000000,514.00000000000
3313271.71000000000,3093711.91000000000,552.00000000000
3253815.25000000000,3092623.13000000000,570.00000000000
3282688.89000000000,3092322.49000000000,563.00000000000
3244151.67000000000,3092116.08000000000,587.00000000000
3261070.14000000000,3091415.43000000000,590.00000000000
3298723.68000000000,3090579.07000000000,553.00000000000
3256437.26000000000,3088846.58000000000,573.00000000000
3324683.35000000000,3088713.83000000000,558.00000000000
3309220.61000000000,3088265.58000000000,534.00000000000
3258084.00000000000,3087632.94000000000,581.00000000000
3277423.19000000000,3087177.13000000000,604.00000000000
3276089.97000000000,3087166.79000000000,601.00000000000
3265436.60000000000,3086514.82000000000,589.00000000000
3334436.60000000000,3085680.18000000000,571.00000000000
3309235.29000000000,3083477.33000000000,532.00000000000
3309996.23000000000,3083388.98000000000,535.00000000000
3290783.07000000000,3082648.97000000000,626.00000000000
3290507.49000000000,3082647.88000000000,623.00000000000
3261991.53000000000,3081113.48000000000,582.00000000000
3290948.50000000000,3080930.36000000000,633.00000000000
3245484.86000000000,3080428.97000000000,596.00000000000
3336913.88000000000,3078793.62000000000,573.00000000000
3277710.51000000000,3076838.03000000000,582.00000000000
3253708.69000000000,3075720.24000000000,570.00000000000
3332138.22000000000,3075547.77000000000,557.00000000000
3254128.38000000000,3075042.28000000000,566.00000000000
3287507.09000000000,3074639.67000000000,606.00000000000
3309407.64000000000,3073723.68000000000,564.00000000000
3256750.39000000000,3073635.24000000000,584.00000000000
3320036.56000000000,3072967.90000000000,561.00000000000
3323257.58000000000,3068685.73000000000,551.00000000000
3238978.75000000000,3067246.68000000000,582.00000000000
3303172.67000000000,3064703.89000000000,554.00000000000
3282410.53000000000,3063663.45000000000,546.00000000000
3270933.19000000000,3063366.36000000000,560.00000000000
3273612.07000000000,3063142.29000000000,572.00000000000
3253146.11000000000,3063045.70000000000,542.00000000000
3395680.00000000000,3005030.00000000000,626.27000000000
3372820.00000000000,3031450.00000000000,557.81000000000
3452230.00000000000,3036130.00000000000,702.38000000000
3427570.00000000000,3037320.00000000000,674.91000000000
3421240.00000000000,3029420.00000000000,659.59000000000
3433770.00000000000,3022250.00000000000,678.33000000000
3410720.00000000000,3021010.00000000000,631.71000000000
3447430.00000000000,3022660.00000000000,685.32000000000
3481520.00000000000,3029020.00000000000,695.85000000000
3494010.00000000000,3018760.00000000000,688.18000000000
3505150.00000000000,3040480.00000000000,696.26000000000
3512910.00000000000,3034800.00000000000,709.00000000000
3517450.00000000000,3024890.00000000000,689.24000000000
3536600.00000000000,3037020.00000000000,686.87000000000
3534890.00000000000,3019890.00000000000,684.90000000000
3362480.00000000000,3040590.00000000000,524.00000000000
3387430.00000000000,3070610.00000000000,614.71000000000
3380070.00000000000,3062870.00000000000,591.15000000000
3398440.00000000000,3060910.00000000000,641.88000000000
3379730.00000000000,3050590.00000000000,615.00000000000
3379170.00000000000,3049150.00000000000,582.00000000000
3434700.00000000000,3070950.00000000000,704.88000000000
3405190.00000000000,3073260.00000000000,654.05000000000
3412640.00000000000,3067510.00000000000,674.67000000000
3424340.00000000000,3065600.00000000000,680.40000000000
3411380.00000000000,3060760.00000000000,662.60000000000
3412360.00000000000,3053250.00000000000,648.43000000000
3429830.00000000000,3053390.00000000000,680.88000000000
3451610.00000000000,3074570.00000000000,708.12000000000
3446320.00000000000,3070120.00000000000,713.06000000000
3462220.00000000000,3060230.00000000000,718.52000000000
3440060.00000000000,3058970.00000000000,701.85000000000
3441360.00000000000,3049370.00000000000,694.92000000000
3451980.00000000000,3048460.00000000000,704.57000000000
3462600.00000000000,3048970.00000000000,719.45000000000
3473190.00000000000,3074920.00000000000,694.83000000000
3472670.00000000000,3064330.00000000000,703.11000000000
3491140.00000000000,3055080.00000000000,708.01000000000
3471060.00000000000,3047470.00000000000,706.17000000000
3486260.00000000000,3045410.00000000000,711.15000000000
3516500.00000000000,3062150.00000000000,702.07000000000
3506370.00000000000,3058810.00000000000,712.46000000000
3527370.00000000000,3047480.00000000000,700.00000000000
3533100.00000000000,3060420.00000000000,679.88000000000
3370190.00000000000,3098770.00000000000,615.44000000000
3360050.00000000000,3099030.00000000000,576.80000000000
3370480.00000000000,3089230.00000000000,557.55000000000
3397370.00000000000,3089440.00000000000,563.47000000000
3376710.00000000000,3072630.00000000000,592.80000000000
3417930.00000000000,3103350.00000000000,650.65000000000
3422130.00000000000,3097680.00000000000,639.40000000000
3432170.00000000000,3097630.00000000000,654.48000000000
3428650.00000000000,3083910.00000000000,672.30000000000
3418560.00000000000,3081810.00000000000,663.08000000000
3419230.00000000000,3076330.00000000000,673.17000000000
3429590.00000000000,3075020.00000000000,696.98000000000
3457350.00000000000,3105100.00000000000,669.26000000000
3435970.00000000000,3105000.00000000000,654.80000000000
3465570.00000000000,3098450.00000000000,659.60000000000
3463080.00000000000,3075880.00000000000,718.20000000000
3363470.00000000000,3130440.00000000000,604.16000000000
3362570.00000000000,3124560.00000000000,594.15000000000
3353790.00000000000,3119180.00000000000,591.03000000000
3342730.00000000000,3108000.00000000000,595.20000000000
3385590.00000000000,3131570.00000000000,598.45000000000
3386670.00000000000,3129460.00000000000,589.70000000000
3377640.00000000000,3120050.00000000000,602.00000000000
3373260.00000000000,3124690.00000000000,614.51000000000
3395130.00000000000,3113630.00000000000,626.83000000000
3391280.00000000000,3105610.00000000000,594.00000000000
3398770.00000000000,3107590.00000000000,670.20000000000
3430850.00000000000,3135030.00000000000,638.00000000000
3412610.00000000000,3131820.00000000000,646.00000000000
3414110.00000000000,3120700.00000000000,651.60000000000
3421630.00000000000,3119450.00000000000,651.86000000000
3431560.00000000000,3122390.00000000000,642.73000000000
3414230.00000000000,3114280.00000000000,652.40000000000
3410660.00000000000,3107560.00000000000,623.00000000000
3429150.00000000000,3111690.00000000000,663.43000000000
3338610.00000000000,3156050.00000000000,673.78000000000
3355830.00000000000,3160890.00000000000,658.53000000000
3366640.00000000000,3161380.00000000000,646.60000000000
3357700.00000000000,3151240.00000000000,630.29000000000
3362700.00000000000,3150420.00000000000,615.24000000000
3347990.00000000000,3135380.00000000000,628.47000000000
3371970.00000000000,3158200.00000000000,625.00000000000
3374010.00000000000,3135910.00000000000,609.46000000000
3370650.00000000000,3136630.00000000000,604.02000000000
3399880.00000000000,3137160.00000000000,624.57000000000
3490530.00000000000,3102690.00000000000,643.57000000000
3494910.00000000000,3096630.00000000000,653.00000000000
3512800.00000000000,3108260.00000000000,605.11000000000
3507020.00000000000,3101200.00000000000,620.30000000000
3523380.00000000000,3099440.00000000000,611.18000000000
3501240.00000000000,3097400.00000000000,634.46000000000
3526830.00000000000,3090390.00000000000,613.55000000000
3534430.00000000000,3106020.00000000000,583.41000000000
3535810.00000000000,3090340.00000000000,603.82000000000
3435510.00000000000,3138110.00000000000,650.70000000000
3437780.00000000000,3133170.00000000000,649.02000000000
3458530.00000000000,3133470.00000000000,647.53000000000
3446150.00000000000,3117890.00000000000,664.02000000000
3449890.00000000000,3112690.00000000000,663.97000000000
3438200.00000000000,3113590.00000000000,664.20000000000
3491600.00000000000,3135660.00000000000,590.77000000000
3491880.00000000000,3129840.00000000000,599.94000000000
3497810.00000000000,3123580.00000000000,602.75000000000
3507700.00000000000,3114200.00000000000,577.64000000000
3506040.00000000000,3109330.00000000000,624.02000000000
3522760.00000000000,3113160.00000000000,536.55000000000
3426210.00000000000,3145020.00000000000,643.61000000000
3400940.00000000000,3145780.00000000000,580.70000000000
3467010.00000000000,3149450.00000000000,585.35000000000
3482990.00000000000,3066200.00000000000,682.00000000000
3498060.00000000000,3070800.00000000000,683.01000000000
3389090.00000000000,3101280.00000000000,549.70000000000
3394210.00000000000,3097340.00000000000,543.52000000000
3397090.00000000000,3097410.00000000000,568.70000000000
3533270.00000000000,3130040.00000000000,514.10000000000
3380400.00000000000,3086700.00000000000,505.00000000000
3501320.00000000000,3103720.00000000000,623.00000000000
3513140.00000000000,3094680.00000000000,624.18000000000
3420670.00000000000,3150360.00000000000,670.00000000000
3418520.00000000000,3148990.00000000000,608.30000000000
3422060.00000000000,3152750.00000000000,594.48000000000
3492660.00000000000,3100900.00000000000,639.00000000000
3488660.00000000000,3092270.00000000000,656.52000000000
3488960.00000000000,3079100.00000000000,677.00000000000
3498540.00000000000,3105170.00000000000,614.53000000000
3502160.00000000000,3090010.00000000000,633.56000000000
3505640.00000000000,3089610.00000000000,625.53000000000
3503230.00000000000,3091880.00000000000,633.58000000000
3509180.00000000000,3089930.00000000000,632.36000000000
3522680.00000000000,3089790.00000000000,613.00000000000
3520240.00000000000,3090670.00000000000,646.00000000000
3478470.00000000000,3062750.00000000000,694.00000000000
3387450.00000000000,3083260.00000000000,542.00000000000
3403340.00000000000,3095130.00000000000,609.00000000000
3352380.00000000000,3110250.00000000000,580.00000000000
3392550.00000000000,3163930.00000000000,629.00000000000
3393810.00000000000,3151790.00000000000,633.00000000000
3484100.00000000000,3110430.00000000000,649.00000000000
3408380.00000000000,3036980.00000000000,652.26000000000
3491370.00000000000,3112940.00000000000,626.74000000000
3352380.00000000000,3110260.00000000000,577.00000000000
3499990.00000000000,3113350.00000000000,614.37000000000
3426130.00000000000,3145360.00000000000,641.50000000000
3515100.00000000000,3098940.00000000000,623.75000000000
3528030.00000000000,3103750.00000000000,592.65000000000
3472260.00000000000,3140600.00000000000,605.11000000000
3466740.00000000000,3134790.00000000000,634.14000000000
3475350.00000000000,3102720.00000000000,660.00000000000
3518140.00000000000,3082380.00000000000,646.14000000000
3520500.00000000000,3106620.00000000000,598.77000000000
3512350.00000000000,3134590.00000000000,578.48000000000
3500380.00000000000,3137390.00000000000,582.33000000000
3504900.00000000000,3122820.00000000000,599.23000000000
3512360.00000000000,3126850.00000000000,576.50000000000
3531830.00000000000,3122170.00000000000,563.60000000000
3532620.00000000000,3137980.00000000000,498.15000000000
3518060.00000000000,3126530.00000000000,570.63000000000
3510790.00000000000,3121340.00000000000,589.50000000000
3371200.00000000000,3083790.00000000000,504.49000000000
3519820.00000000000,3139350.00000000000,565.61000000000
3523320.00000000000,3117590.00000000000,562.28000000000
3524410.00000000000,3128160.00000000000,539.94000000000
3535640.00000000000,3136100.00000000000,504.30000000000
3521650.00000000000,3142350.00000000000,565.36000000000
3504440.00000000000,3134990.00000000000,579.64000000000
3506170.00000000000,3143580.00000000000,560.63000000000
3502760.00000000000,3135780.00000000000,581.53000000000
3437920.00000000000,3101580.00000000000,657.65000000000
3436770.00000000000,3104310.00000000000,655.70000000000
3389480.00000000000,3101610.00000000000,546.95000000000
3402000.00000000000,3110520.00000000000,654.70000000000
3395880.00000000000,3110040.00000000000,626.18000000000
3394960.00000000000,3097020.00000000000,549.80000000000
3398740.00000000000,3101210.00000000000,604.77000000000
3405060.00000000000,3093530.00000000000,598.18000000000
3410610.00000000000,3092110.00000000000,644.80000000000
3412060.00000000000,3091360.00000000000,651.95000000000
3415370.00000000000,3096390.00000000000,626.23000000000
3417280.00000000000,3100000.00000000000,635.52000000000
3425590.00000000000,3094460.00000000000,633.50000000000
3409550.00000000000,3093170.00000000000,604.37000000000
3407910.00000000000,3091520.00000000000,626.70000000000
3403730.00000000000,3089800.00000000000,629.77000000000
3430320.00000000000,3105100.00000000000,650.58000000000
3430320.00000000000,3105110.00000000000,650.58000000000
3425420.00000000000,3103500.00000000000,657.87000000000
3411080.00000000000,3102870.00000000000,631.56000000000
3407740.00000000000,3099500.00000000000,619.20000000000
3410030.00000000000,3126820.00000000000,625.60000000000
3427180.00000000000,3130540.00000000000,645.16000000000
3439520.00000000000,3141150.00000000000,650.94000000000
3437530.00000000000,3144940.00000000000,643.00000000000
3418670.00000000000,3145790.00000000000,631.60000000000
3412400.00000000000,3147630.00000000000,624.90000000000
3414360.00000000000,3139910.00000000000,642.47000000000
3440830.00000000000,3117940.00000000000,664.70000000000
3432380.00000000000,3149730.00000000000,639.50000000000
3425750.00000000000,3151550.00000000000,624.85000000000
3408990.00000000000,3135630.00000000000,680.35000000000
3419390.00000000000,3065660.00000000000,687.50000000000
3465830.00000000000,3100070.00000000000,664.41000000000
3466580.00000000000,3128940.00000000000,665.34000000000
3471180.00000000000,3131920.00000000000,656.48000000000
3472020.00000000000,3119030.00000000000,655.21000000000
3471300.00000000000,3121290.00000000000,655.65000000000
3466900.00000000000,3124450.00000000000,659.04000000000
3458960.00000000000,3129190.00000000000,652.56000000000
3448680.00000000000,3119580.00000000000,667.32000000000
3449420.00000000000,3102150.00000000000,672.06000000000
3446680.00000000000,3104810.00000000000,664.61000000000
3452940.00000000000,3102100.00000000000,667.66000000000
3455210.00000000000,3104680.00000000000,667.35000000000
3458790.00000000000,3102520.00000000000,666.17000000000
3462910.00000000000,3102300.00000000000,662.13000000000
3460180.00000000000,3098270.00000000000,670.70000000000
3476180.00000000000,3096800.00000000000,666.92000000000
3466500.00000000000,3093120.00000000000,657.23000000000
3466490.00000000000,3093160.00000000000,673.51000000000
3466790.00000000000,3090470.00000000000,685.91000000000
3466000.00000000000,3088980.00000000000,683.00000000000
3463870.00000000000,3089190.00000000000,683.15000000000
3467130.00000000000,3103540.00000000000,657.90000000000
3472650.00000000000,3096970.00000000000,672.42000000000
3471370.00000000000,3091590.00000000000,678.92000000000
3475450.00000000000,3089590.00000000000,673.40000000000
3470950.00000000000,3107010.00000000000,663.13000000000
3468690.00000000000,3108030.00000000000,660.33000000000
3462780.00000000000,3107790.00000000000,652.05000000000
3460850.00000000000,3115780.00000000000,661.70000000000
3456910.00000000000,3111970.00000000000,665.90000000000
3451640.00000000000,3106690.00000000000,669.80000000000
3443450.00000000000,3115380.00000000000,664.95000000000
3443580.00000000000,3113130.00000000000,668.07000000000
3444370.00000000000,3123010.00000000000,660.51000000000
3449510.00000000000,3124770.00000000000,664.25000000000
3461360.00000000000,3123770.00000000000,666.88000000000
3463640.00000000000,3139700.00000000000,627.45000000000
3474220.00000000000,3135590.00000000000,620.48000000000
3459030.00000000000,3145390.00000000000,622.62000000000
3456140.00000000000,3151730.00000000000,587.93000000000
3447620.00000000000,3147060.00000000000,631.73000000000
3442490.00000000000,3140500.00000000000,648.54000000000
3448050.00000000000,3137430.00000000000,645.15000000000
3478090.00000000000,3130860.00000000000,641.03000000000
3477480.00000000000,3122950.00000000000,641.74000000000
3477160.00000000000,3115890.00000000000,655.02000000000
3485660.00000000000,3119520.00000000000,625.16000000000
3481960.00000000000,3091690.00000000000,673.19000000000
3486230.00000000000,3096810.00000000000,659.70000000000
3486960.00000000000,3092710.00000000000,660.44000000000
3484600.00000000000,3107610.00000000000,649.56000000000
3492110.00000000000,3101610.00000000000,647.67000000000
3497800.00000000000,3091030.00000000000,633.74000000000
3357400.00000000000,3135260.00000000000,602.02000000000
3365250.00000000000,3119060.00000000000,597.25000000000
3352370.00000000000,3124010.00000000000,582.48000000000
3352800.00000000000,3119000.00000000000,590.57000000000
3394990.00000000000,3023440.00000000000,621.95000000000
3489990.00000000000,3063610.00000000000,690.17000000000
3484030.00000000000,3071010.00000000000,683.45000000000
3517390.00000000000,3095070.00000000000,626.78000000000
3526130.00000000000,3113630.00000000000,551.70000000000
3519140.00000000000,3114290.00000000000,593.23000000000
3518910.00000000000,3112940.00000000000,593.70000000000
3506700.00000000000,3119890.00000000000,596.34000000000
3493250.00000000000,3093920.00000000000,644.75000000000
3497250.00000000000,3114240.00000000000,613.17000000000
3399170.00000000000,3049900.00000000000,644.65000000000
